-- phpMyAdmin SQL Dump
-- version 5.2.1
-- https://www.phpmyadmin.net/
--
-- Servidor: 127.0.0.1
-- Tiempo de generación: 05-04-2024 a las 18:14:50
-- Versión del servidor: 10.4.28-MariaDB
-- Versión de PHP: 8.2.4

SET SQL_MODE = "NO_AUTO_VALUE_ON_ZERO";
START TRANSACTION;
SET time_zone = "+00:00";


/*!40101 SET @OLD_CHARACTER_SET_CLIENT=@@CHARACTER_SET_CLIENT */;
/*!40101 SET @OLD_CHARACTER_SET_RESULTS=@@CHARACTER_SET_RESULTS */;
/*!40101 SET @OLD_COLLATION_CONNECTION=@@COLLATION_CONNECTION */;
/*!40101 SET NAMES utf8mb4 */;

--
-- Base de datos: `elecciones_v2`
--

-- --------------------------------------------------------

--
-- Estructura de tabla para la tabla `actas_guardadas`
--

CREATE TABLE `actas_guardadas` (
  `id_acta` int(11) NOT NULL,
  `id_transaccion` int(11) NOT NULL,
  `fecha_acta` datetime NOT NULL,
  `id_usuario` int(11) NOT NULL DEFAULT 0,
  `imagen_acta` varchar(80) NOT NULL DEFAULT ''
) ENGINE=MyISAM DEFAULT CHARSET=utf8mb4 COLLATE=utf8mb4_general_ci;

--
-- Volcado de datos para la tabla `actas_guardadas`
--

INSERT INTO `actas_guardadas` (`id_acta`, `id_transaccion`, `fecha_acta`, `id_usuario`, `imagen_acta`) VALUES
(1, 347, '2023-08-14 12:00:51', 33208408, ''),
(2, 347, '2023-08-14 12:01:17', 33208408, ''),
(3, 2492, '2023-08-14 12:07:27', 33208408, ''),
(4, 2492, '2023-08-14 12:09:00', 33208408, '14-08-2023 12:09:00fondolujan4.jpg'),
(5, 2540, '2023-08-14 12:54:23', 26615745, ''),
(6, 347, '2023-08-14 12:58:16', 33208408, ''),
(7, 348, '2023-08-14 13:01:48', 33208408, ''),
(8, 349, '2023-08-14 13:05:02', 33208408, ''),
(9, 2492, '2023-08-14 13:06:19', 33208408, ''),
(10, 2495, '2023-08-14 13:09:06', 33208408, ''),
(11, 2541, '2023-08-14 13:09:20', 26615745, ''),
(12, 2548, '2023-08-14 13:11:02', 26615745, ''),
(13, 2550, '2023-08-14 13:12:37', 26615745, ''),
(14, 2500, '2023-08-14 13:13:38', 33208408, ''),
(15, 2551, '2023-08-14 13:14:54', 26615745, ''),
(16, 347, '2024-04-02 21:40:21', 33208408, ''),
(17, 347, '2024-04-02 23:39:09', 33208408, '');

-- --------------------------------------------------------

--
-- Estructura de tabla para la tabla `cant_transac`
--

CREATE TABLE `cant_transac` (
  `id_cant_transac` int(11) NOT NULL,
  `id_transaccion` int(11) NOT NULL DEFAULT 0,
  `id_marcas_prod` int(11) NOT NULL DEFAULT 0,
  `id_tipo` int(11) NOT NULL DEFAULT 0,
  `id_proov_y_uvent` int(11) DEFAULT NULL,
  `id_material` int(11) DEFAULT NULL,
  `total_tr` decimal(32,2) NOT NULL DEFAULT 0.00,
  `salida_u` decimal(30,2) NOT NULL DEFAULT 0.00,
  `entrada_u` decimal(30,2) NOT NULL DEFAULT 0.00,
  `valor_u` decimal(30,2) NOT NULL DEFAULT 0.00
) ENGINE=MyISAM DEFAULT CHARSET=utf8mb4 COLLATE=utf8mb4_general_ci;

--
-- Volcado de datos para la tabla `cant_transac`
--

INSERT INTO `cant_transac` (`id_cant_transac`, `id_transaccion`, `id_marcas_prod`, `id_tipo`, `id_proov_y_uvent`, `id_material`, `total_tr`, `salida_u`, `entrada_u`, `valor_u`) VALUES
(1, 347, 12, 1, 2, 1, 34.00, 0.00, 0.00, 0.00),
(2, 347, 12, 2, 2, 1, 37.00, 0.00, 0.00, 0.00),
(3, 347, 12, 3, 2, 1, 35.00, 0.00, 0.00, 0.00),
(4, 347, 14, 4, 2, 2, 12.00, 0.00, 0.00, 0.00),
(5, 347, 0, 5, 2, 21, 1.00, 0.00, 0.00, 0.00),
(6, 2492, 59, 1, 7, 1, 20.00, 0.00, 0.00, 0.00),
(7, 2492, 59, 2, 7, 1, 90.00, 0.00, 0.00, 0.00),
(8, 2492, 59, 3, 7, 1, 10.00, 0.00, 0.00, 0.00),
(9, 2492, 64, 4, 7, 4, 9.00, 0.00, 0.00, 0.00),
(10, 2492, 0, 5, 7, 22, 10.00, 0.00, 0.00, 0.00),
(11, 2492, 61, 1, 7, 2, 70.00, 0.00, 0.00, 0.00),
(12, 2492, 63, 3, 7, 3, 90.00, 0.00, 0.00, 0.00),
(13, 2492, 65, 4, 7, 4, 10.00, 0.00, 0.00, 0.00),
(14, 2492, 61, 5, 7, 2, 10.00, 0.00, 0.00, 0.00),
(15, 2492, 66, 5, 7, 4, 50.00, 0.00, 0.00, 0.00),
(16, 2492, 0, 2, 7, 22, 10.00, 0.00, 0.00, 0.00),
(17, 2492, 0, 5, 7, 23, 30.00, 0.00, 0.00, 0.00),
(18, 2540, 60, 1, 7, 2, 50.00, 0.00, 0.00, 0.00),
(19, 2540, 65, 1, 7, 4, 20.00, 0.00, 0.00, 0.00),
(20, 2540, 66, 1, 7, 4, 10.00, 0.00, 0.00, 0.00),
(21, 2540, 68, 1, 7, 10, 4.00, 0.00, 0.00, 0.00),
(22, 2540, 59, 2, 7, 1, 10.00, 0.00, 0.00, 0.00),
(23, 2540, 61, 2, 7, 2, 40.00, 0.00, 0.00, 0.00),
(24, 2540, 63, 2, 7, 3, 22.00, 0.00, 0.00, 0.00),
(25, 2540, 66, 2, 7, 4, 5.00, 0.00, 0.00, 0.00),
(26, 2540, 68, 2, 7, 10, 3.00, 0.00, 0.00, 0.00),
(27, 2540, 59, 3, 7, 1, 20.00, 0.00, 0.00, 0.00),
(28, 2540, 60, 3, 7, 2, 20.00, 0.00, 0.00, 0.00),
(29, 2540, 63, 3, 7, 3, 8.00, 0.00, 0.00, 0.00),
(30, 2540, 64, 3, 7, 4, 19.00, 0.00, 0.00, 0.00),
(31, 2540, 66, 3, 7, 4, 20.00, 0.00, 0.00, 0.00),
(32, 2540, 68, 3, 7, 10, 1.00, 0.00, 0.00, 0.00),
(33, 2540, 59, 4, 7, 1, 50.00, 0.00, 0.00, 0.00),
(34, 2540, 61, 4, 7, 2, 40.00, 0.00, 0.00, 0.00),
(35, 2540, 66, 4, 7, 4, 10.00, 0.00, 0.00, 0.00),
(36, 2540, 59, 5, 7, 1, 80.00, 0.00, 0.00, 0.00),
(37, 2540, 61, 5, 7, 2, 20.00, 0.00, 0.00, 0.00),
(38, 2540, 0, 1, 7, 21, 6.00, 0.00, 0.00, 0.00),
(39, 2540, 0, 1, 7, 22, 10.00, 0.00, 0.00, 0.00),
(40, 2540, 0, 2, 7, 22, 20.00, 0.00, 0.00, 0.00),
(41, 2540, 0, 3, 7, 21, 12.00, 0.00, 0.00, 0.00),
(42, 347, 14, 1, 2, 2, 14.00, 0.00, 0.00, 0.00),
(43, 347, 15, 1, 2, 2, 9.00, 0.00, 0.00, 0.00),
(44, 347, 16, 1, 2, 3, 22.00, 0.00, 0.00, 0.00),
(45, 347, 19, 1, 2, 4, 13.00, 0.00, 0.00, 0.00),
(46, 347, 21, 1, 2, 4, 4.00, 0.00, 0.00, 0.00),
(47, 347, 14, 2, 2, 2, 9.00, 0.00, 0.00, 0.00),
(48, 347, 15, 2, 2, 2, 10.00, 0.00, 0.00, 0.00),
(49, 347, 16, 2, 2, 3, 19.00, 0.00, 0.00, 0.00),
(50, 347, 17, 2, 2, 3, 6.00, 0.00, 0.00, 0.00),
(51, 347, 18, 2, 2, 4, 15.00, 0.00, 0.00, 0.00),
(52, 347, 22, 2, 2, 10, 2.00, 0.00, 0.00, 0.00),
(53, 347, 14, 3, 2, 2, 12.00, 0.00, 0.00, 0.00),
(54, 347, 16, 3, 2, 3, 20.00, 0.00, 0.00, 0.00),
(55, 347, 17, 3, 2, 3, 5.00, 0.00, 0.00, 0.00),
(56, 347, 19, 3, 2, 4, 5.00, 0.00, 0.00, 0.00),
(57, 347, 22, 3, 2, 10, 6.00, 0.00, 0.00, 0.00),
(58, 347, 12, 4, 2, 1, 36.00, 0.00, 0.00, 0.00),
(59, 347, 13, 4, 2, 1, 8.00, 0.00, 0.00, 0.00),
(60, 347, 15, 4, 2, 2, 15.00, 0.00, 0.00, 0.00),
(61, 347, 16, 4, 2, 3, 11.00, 0.00, 0.00, 0.00),
(62, 347, 17, 4, 2, 3, 5.00, 0.00, 0.00, 0.00),
(63, 347, 18, 4, 2, 4, 13.00, 0.00, 0.00, 0.00),
(64, 347, 12, 5, 2, 1, 37.00, 0.00, 0.00, 0.00),
(65, 347, 13, 5, 2, 1, 11.00, 0.00, 0.00, 0.00),
(66, 347, 223, 5, 2, 1, 5.00, 0.00, 0.00, 0.00),
(67, 347, 14, 5, 2, 2, 10.00, 0.00, 0.00, 0.00),
(68, 347, 15, 5, 2, 2, 9.00, 0.00, 0.00, 0.00),
(69, 347, 16, 5, 2, 3, 10.00, 0.00, 0.00, 0.00),
(70, 347, 17, 5, 2, 3, 4.00, 0.00, 0.00, 0.00),
(71, 347, 18, 5, 2, 4, 13.00, 0.00, 0.00, 0.00),
(72, 347, 0, 1, 2, 21, 4.00, 0.00, 0.00, 0.00),
(73, 347, 0, 2, 2, 22, 2.00, 0.00, 0.00, 0.00),
(74, 347, 0, 3, 2, 22, 12.00, 0.00, 0.00, 0.00),
(75, 347, 0, 3, 2, 20, 5.00, 0.00, 0.00, 0.00),
(76, 348, 12, 1, 2, 1, 24.00, 0.00, 0.00, 0.00),
(77, 348, 14, 1, 2, 2, 10.00, 0.00, 0.00, 0.00),
(78, 348, 15, 1, 2, 2, 2.00, 0.00, 0.00, 0.00),
(79, 348, 17, 1, 2, 3, 22.00, 0.00, 0.00, 0.00),
(80, 348, 18, 1, 2, 4, 2.00, 0.00, 0.00, 0.00),
(81, 348, 19, 1, 2, 4, 21.00, 0.00, 0.00, 0.00),
(82, 348, 12, 2, 2, 1, 24.00, 0.00, 0.00, 0.00),
(83, 348, 14, 2, 2, 2, 11.00, 0.00, 0.00, 0.00),
(84, 348, 15, 2, 2, 2, 2.00, 0.00, 0.00, 0.00),
(85, 348, 16, 2, 2, 3, 12.00, 0.00, 0.00, 0.00),
(86, 348, 17, 2, 2, 3, 23.00, 0.00, 0.00, 0.00),
(87, 348, 18, 2, 2, 4, 4.00, 0.00, 0.00, 0.00),
(88, 348, 19, 2, 2, 4, 15.00, 0.00, 0.00, 0.00),
(89, 348, 12, 3, 2, 1, 24.00, 0.00, 0.00, 0.00),
(90, 348, 14, 3, 2, 2, 11.00, 0.00, 0.00, 0.00),
(91, 348, 15, 3, 2, 2, 2.00, 0.00, 0.00, 0.00),
(92, 348, 17, 3, 2, 3, 24.00, 0.00, 0.00, 0.00),
(93, 348, 18, 3, 2, 4, 6.00, 0.00, 0.00, 0.00),
(94, 348, 19, 3, 2, 4, 12.00, 0.00, 0.00, 0.00),
(95, 348, 21, 3, 2, 4, 15.00, 0.00, 0.00, 0.00),
(96, 348, 12, 4, 2, 1, 2.00, 0.00, 0.00, 0.00),
(97, 348, 13, 4, 2, 1, 14.00, 0.00, 0.00, 0.00),
(98, 348, 222, 4, 2, 1, 13.00, 0.00, 0.00, 0.00),
(99, 348, 223, 4, 2, 1, 11.00, 0.00, 0.00, 0.00),
(100, 348, 14, 4, 2, 2, 8.00, 0.00, 0.00, 0.00),
(101, 348, 15, 4, 2, 2, 1.00, 0.00, 0.00, 0.00),
(102, 348, 16, 4, 2, 3, 13.00, 0.00, 0.00, 0.00),
(103, 348, 17, 4, 2, 3, 15.00, 0.00, 0.00, 0.00),
(104, 348, 18, 4, 2, 4, 8.00, 0.00, 0.00, 0.00),
(105, 348, 20, 4, 2, 4, 5.00, 0.00, 0.00, 0.00),
(106, 348, 22, 4, 2, 10, 6.00, 0.00, 0.00, 0.00),
(107, 348, 12, 5, 2, 1, 26.00, 0.00, 0.00, 0.00),
(108, 348, 13, 5, 2, 1, 12.00, 0.00, 0.00, 0.00),
(109, 348, 222, 5, 2, 1, 11.00, 0.00, 0.00, 0.00),
(110, 348, 223, 5, 2, 1, 10.00, 0.00, 0.00, 0.00),
(111, 348, 14, 5, 2, 2, 15.00, 0.00, 0.00, 0.00),
(112, 348, 15, 5, 2, 2, 1.00, 0.00, 0.00, 0.00),
(113, 348, 16, 5, 2, 3, 8.00, 0.00, 0.00, 0.00),
(114, 348, 17, 5, 2, 3, 8.00, 0.00, 0.00, 0.00),
(115, 348, 18, 5, 2, 4, 9.00, 0.00, 0.00, 0.00),
(116, 348, 0, 1, 2, 21, 12.00, 0.00, 0.00, 0.00),
(117, 348, 0, 1, 2, 22, 1.00, 0.00, 0.00, 0.00),
(118, 348, 0, 1, 2, 20, 6.00, 0.00, 0.00, 0.00),
(119, 348, 0, 2, 2, 21, 8.00, 0.00, 0.00, 0.00),
(120, 348, 0, 2, 2, 20, 1.00, 0.00, 0.00, 0.00),
(121, 348, 0, 3, 2, 21, 3.00, 0.00, 0.00, 0.00),
(122, 348, 0, 3, 2, 22, 3.00, 0.00, 0.00, 0.00),
(123, 348, 0, 4, 2, 21, 1.00, 0.00, 0.00, 0.00),
(124, 348, 0, 4, 2, 23, 3.00, 0.00, 0.00, 0.00),
(125, 349, 12, 1, 2, 1, 15.00, 0.00, 0.00, 0.00),
(126, 349, 15, 1, 2, 2, 56.00, 0.00, 0.00, 0.00),
(127, 349, 18, 1, 2, 4, 12.00, 0.00, 0.00, 0.00),
(128, 349, 21, 1, 2, 4, 8.00, 0.00, 0.00, 0.00),
(129, 349, 12, 2, 2, 1, 40.00, 0.00, 0.00, 0.00),
(130, 349, 15, 2, 2, 2, 12.00, 0.00, 0.00, 0.00),
(131, 349, 16, 2, 2, 3, 10.00, 0.00, 0.00, 0.00),
(132, 349, 17, 2, 2, 3, 12.00, 0.00, 0.00, 0.00),
(133, 349, 19, 2, 2, 4, 12.00, 0.00, 0.00, 0.00),
(134, 349, 12, 3, 2, 1, 26.00, 0.00, 0.00, 0.00),
(135, 349, 14, 3, 2, 2, 12.00, 0.00, 0.00, 0.00),
(136, 349, 15, 3, 2, 2, 23.00, 0.00, 0.00, 0.00),
(137, 349, 17, 3, 2, 3, 2.00, 0.00, 0.00, 0.00),
(138, 349, 18, 3, 2, 4, 13.00, 0.00, 0.00, 0.00),
(139, 349, 20, 3, 2, 4, 11.00, 0.00, 0.00, 0.00),
(140, 349, 21, 3, 2, 4, 9.00, 0.00, 0.00, 0.00),
(141, 349, 13, 4, 2, 1, 11.00, 0.00, 0.00, 0.00),
(142, 349, 223, 4, 2, 1, 15.00, 0.00, 0.00, 0.00),
(143, 349, 15, 4, 2, 2, 25.00, 0.00, 0.00, 0.00),
(144, 349, 19, 4, 2, 4, 25.00, 0.00, 0.00, 0.00),
(145, 349, 20, 4, 2, 4, 4.00, 0.00, 0.00, 0.00),
(146, 349, 13, 5, 2, 1, 1.00, 0.00, 0.00, 0.00),
(147, 349, 222, 5, 2, 1, 23.00, 0.00, 0.00, 0.00),
(148, 349, 223, 5, 2, 1, 2.00, 0.00, 0.00, 0.00),
(149, 349, 14, 5, 2, 2, 21.00, 0.00, 0.00, 0.00),
(150, 349, 15, 5, 2, 2, 2.00, 0.00, 0.00, 0.00),
(151, 349, 17, 5, 2, 3, 21.00, 0.00, 0.00, 0.00),
(152, 349, 19, 5, 2, 4, 21.00, 0.00, 0.00, 0.00),
(153, 349, 21, 5, 2, 4, 2.00, 0.00, 0.00, 0.00),
(154, 349, 0, 1, 2, 22, 3.00, 0.00, 0.00, 0.00),
(155, 349, 0, 1, 2, 23, 6.00, 0.00, 0.00, 0.00),
(156, 349, 0, 2, 2, 21, 12.00, 0.00, 0.00, 0.00),
(157, 349, 0, 2, 2, 23, 2.00, 0.00, 0.00, 0.00),
(158, 349, 0, 3, 2, 22, 4.00, 0.00, 0.00, 0.00),
(159, 349, 0, 4, 2, 21, 4.00, 0.00, 0.00, 0.00),
(160, 349, 0, 4, 2, 22, 15.00, 0.00, 0.00, 0.00),
(161, 349, 0, 4, 2, 23, 1.00, 0.00, 0.00, 0.00),
(162, 349, 0, 5, 2, 21, 7.00, 0.00, 0.00, 0.00),
(163, 2492, 66, 1, 7, 4, 10.00, 0.00, 0.00, 0.00),
(164, 2492, 62, 4, 7, 3, 40.00, 0.00, 0.00, 0.00),
(165, 2492, 68, 4, 7, 10, 21.00, 0.00, 0.00, 0.00),
(166, 2492, 0, 4, 7, 21, 10.00, 0.00, 0.00, 0.00),
(167, 2492, 0, 4, 7, 22, 10.00, 0.00, 0.00, 0.00),
(168, 2495, 59, 1, 7, 1, 23.00, 0.00, 0.00, 0.00),
(169, 2495, 61, 1, 7, 2, 12.00, 0.00, 0.00, 0.00),
(170, 2495, 62, 1, 7, 3, 1.00, 0.00, 0.00, 0.00),
(171, 2495, 63, 1, 7, 3, 23.00, 0.00, 0.00, 0.00),
(172, 2495, 64, 1, 7, 4, 12.00, 0.00, 0.00, 0.00),
(173, 2495, 66, 1, 7, 4, 12.00, 0.00, 0.00, 0.00),
(174, 2495, 60, 2, 7, 2, 12.00, 0.00, 0.00, 0.00),
(175, 2495, 61, 2, 7, 2, 11.00, 0.00, 0.00, 0.00),
(176, 2495, 62, 2, 7, 3, 12.00, 0.00, 0.00, 0.00),
(177, 2495, 63, 2, 7, 3, 1.00, 0.00, 0.00, 0.00),
(178, 2495, 64, 2, 7, 4, 21.00, 0.00, 0.00, 0.00),
(179, 2495, 66, 2, 7, 4, 3.00, 0.00, 0.00, 0.00),
(180, 2495, 68, 2, 7, 10, 8.00, 0.00, 0.00, 0.00),
(181, 2495, 60, 3, 7, 2, 2.00, 0.00, 0.00, 0.00),
(182, 2495, 61, 3, 7, 2, 32.00, 0.00, 0.00, 0.00),
(183, 2495, 62, 3, 7, 3, 1.00, 0.00, 0.00, 0.00),
(184, 2495, 63, 3, 7, 3, 22.00, 0.00, 0.00, 0.00),
(185, 2495, 64, 3, 7, 4, 12.00, 0.00, 0.00, 0.00),
(186, 2495, 66, 3, 7, 4, 21.00, 0.00, 0.00, 0.00),
(187, 2495, 59, 4, 7, 1, 26.00, 0.00, 0.00, 0.00),
(188, 2495, 60, 4, 7, 2, 12.00, 0.00, 0.00, 0.00),
(189, 2495, 61, 4, 7, 2, 1.00, 0.00, 0.00, 0.00),
(190, 2495, 62, 4, 7, 3, 21.00, 0.00, 0.00, 0.00),
(191, 2495, 63, 4, 7, 3, 12.00, 0.00, 0.00, 0.00),
(192, 2495, 64, 4, 7, 4, 17.00, 0.00, 0.00, 0.00),
(193, 2495, 66, 4, 7, 4, 8.00, 0.00, 0.00, 0.00),
(194, 2495, 60, 5, 7, 2, 3.00, 0.00, 0.00, 0.00),
(195, 2495, 61, 5, 7, 2, 23.00, 0.00, 0.00, 0.00),
(196, 2495, 62, 5, 7, 3, 12.00, 0.00, 0.00, 0.00),
(197, 2495, 63, 5, 7, 3, 1.00, 0.00, 0.00, 0.00),
(198, 2495, 64, 5, 7, 4, 12.00, 0.00, 0.00, 0.00),
(199, 2495, 66, 5, 7, 4, 8.00, 0.00, 0.00, 0.00),
(200, 2495, 67, 5, 7, 4, 21.00, 0.00, 0.00, 0.00),
(201, 2495, 68, 5, 7, 10, 8.00, 0.00, 0.00, 0.00),
(202, 2495, 69, 5, 7, 10, 8.00, 0.00, 0.00, 0.00),
(203, 2495, 0, 1, 7, 21, 4.00, 0.00, 0.00, 0.00),
(204, 2495, 0, 1, 7, 22, 9.00, 0.00, 0.00, 0.00),
(205, 2495, 0, 1, 7, 20, 4.00, 0.00, 0.00, 0.00),
(206, 2495, 0, 2, 7, 21, 12.00, 0.00, 0.00, 0.00),
(207, 2495, 0, 2, 7, 22, 15.00, 0.00, 0.00, 0.00),
(208, 2495, 0, 2, 7, 20, 5.00, 0.00, 0.00, 0.00),
(209, 2495, 0, 3, 7, 21, 8.00, 0.00, 0.00, 0.00),
(210, 2495, 0, 3, 7, 22, 2.00, 0.00, 0.00, 0.00);

-- --------------------------------------------------------

--
-- Estructura de tabla para la tabla `locales`
--

CREATE TABLE `locales` (
  `id_local` int(11) NOT NULL,
  `local_` varchar(80) NOT NULL,
  `id_proov_y_uvent` int(11) NOT NULL,
  `circuito_esc` varchar(10) DEFAULT NULL,
  `nombre_local` varchar(80) DEFAULT NULL,
  `domicilio_esc` varchar(80) DEFAULT NULL,
  `localidad_esc` varchar(80) DEFAULT NULL
) ENGINE=MyISAM DEFAULT CHARSET=utf8mb4 COLLATE=utf8mb4_general_ci;

--
-- Volcado de datos para la tabla `locales`
--

INSERT INTO `locales` (`id_local`, `local_`, `id_proov_y_uvent`, `circuito_esc`, `nombre_local`, `domicilio_esc`, `localidad_esc`) VALUES
(3, 'c-0', 2, NULL, 'casa central', 'alla lejos', NULL),
(1, 'c-5', 5, NULL, 'centro de distribucion', 'cerca de todo', NULL),
(2, 'r-5', 6, NULL, 'local bariloche', 'en bariloche, ovbio', 'bariloche');

-- --------------------------------------------------------

--
-- Estructura de tabla para la tabla `locales_prooyu`
--

CREATE TABLE `locales_prooyu` (
  `id_local-proovyu` int(11) NOT NULL,
  `id_local` int(11) NOT NULL,
  `id_proov_y_uvent` int(11) NOT NULL,
  `activo` tinyint(4) NOT NULL DEFAULT 0
) ENGINE=InnoDB DEFAULT CHARSET=utf8mb4 COLLATE=utf8mb4_general_ci COMMENT='relacion m-m';

--
-- Volcado de datos para la tabla `locales_prooyu`
--

INSERT INTO `locales_prooyu` (`id_local-proovyu`, `id_local`, `id_proov_y_uvent`, `activo`) VALUES
(1, 1, 1, 1),
(2, 1, 2, 1),
(3, 1, 4, 1),
(4, 1, 6, 1),
(5, 1, 8, 0),
(6, 2, 1, 1),
(7, 2, 3, 1),
(8, 2, 5, 1),
(9, 2, 7, 1),
(10, 2, 8, 1),
(11, 3, 2, 1),
(12, 3, 3, 1),
(13, 3, 4, 1),
(14, 3, 5, 0),
(15, 3, 9, 1),
(16, 3, 8, 0);

-- --------------------------------------------------------

--
-- Estructura de tabla para la tabla `marcas_prod`
--

CREATE TABLE `marcas_prod` (
  `id_marcas_prod` int(11) NOT NULL,
  `id_material` int(11) NOT NULL,
  `id_proov_y_uvent` int(11) NOT NULL,
  `nombre_marca_prod` int(11) NOT NULL,
  `interna_marcas_y_prod` varchar(10) DEFAULT NULL,
  `real_marcas_y_prod` tinyint(4) DEFAULT NULL
) ENGINE=MyISAM DEFAULT CHARSET=utf8mb4 COLLATE=utf8mb4_general_ci;

--
-- Volcado de datos para la tabla `marcas_prod`
--

INSERT INTO `marcas_prod` (`id_marcas_prod`, `id_material`, `id_proov_y_uvent`, `nombre_marca_prod`, `interna_marcas_y_prod`, `real_marcas_y_prod`) VALUES
(1, 1, 1, 504, 'A', 1),
(2, 1, 1, 504, 'B', 1),
(3, 2, 1, 501, 'A', 1),
(4, 2, 1, 501, 'B', 1),
(5, 3, 1, 503, 'A', 1),
(6, 3, 1, 503, 'B', 1),
(7, 4, 1, 502, 'A', 1),
(8, 4, 1, 502, 'B', 1),
(9, 4, 1, 502, 'C', 1),
(10, 4, 1, 502, 'D', 1),
(11, 10, 1, 181, '', 1),
(12, 1, 2, 504, 'A ', 1),
(13, 1, 2, 504, 'A-B', 1),
(14, 2, 2, 501, 'A', 1),
(15, 2, 2, 501, 'B', 1),
(16, 3, 2, 503, 'A', 1),
(17, 3, 2, 503, 'B', 1),
(18, 4, 2, 502, 'A', 1),
(19, 4, 2, 502, 'B', 1),
(20, 4, 2, 502, 'C', 1),
(21, 4, 2, 502, 'D', 1),
(22, 10, 2, 181, '', 1),
(23, 1, 4, 504, 'A', 1),
(24, 1, 4, 504, 'A-B', 1),
(25, 1, 4, 504, 'C', 1),
(26, 2, 4, 501, 'A', 1),
(27, 2, 4, 501, 'A A-B', 1),
(28, 2, 4, 501, 'B', 1),
(29, 3, 4, 503, 'A', 1),
(30, 3, 4, 503, 'B', 1),
(31, 4, 4, 502, 'A', 1),
(32, 4, 4, 502, 'B', 1),
(33, 4, 4, 502, 'C', 1),
(34, 4, 4, 502, 'C-F', 1),
(35, 4, 4, 502, 'D', 1),
(36, 4, 4, 502, 'E', 1),
(37, 6, 4, 325, '', 1),
(38, 10, 4, 181, '', 1),
(39, 1, 5, 504, 'A', 1),
(40, 2, 5, 501, 'A', 1),
(41, 2, 5, 501, 'B', 1),
(42, 3, 5, 503, ' A', 1),
(43, 3, 5, 503, 'B', 1),
(44, 4, 5, 502, 'A', 1),
(45, 4, 5, 502, 'B', 1),
(46, 4, 5, 502, 'C', 1),
(47, 4, 5, 502, 'D', 1),
(48, 10, 5, 181, '', 1),
(49, 1, 6, 504, 'A', 1),
(50, 2, 6, 501, 'A', 1),
(51, 2, 6, 501, 'B', 1),
(52, 3, 6, 503, 'A', 1),
(53, 3, 6, 503, 'B', 1),
(54, 4, 6, 502, 'A', 1),
(55, 4, 6, 502, 'B', 1),
(56, 4, 6, 502, 'C', 1),
(57, 4, 6, 502, 'D', 1),
(58, 10, 6, 181, '', 1),
(59, 1, 7, 504, 'A', 1),
(60, 2, 7, 501, 'A', 1),
(61, 2, 7, 501, 'B', 1),
(62, 3, 7, 503, 'A', 1),
(63, 3, 7, 503, 'B', 1),
(64, 4, 7, 502, 'A', 1),
(65, 4, 7, 502, 'B', 1),
(66, 4, 7, 502, 'C', 1),
(67, 4, 7, 502, 'D', 1),
(68, 10, 7, 181, 'A', 1),
(69, 10, 7, 181, 'A-B', 1),
(70, 1, 8, 504, 'A', 1),
(71, 1, 8, 504, 'A-B', 1),
(72, 1, 8, 504, 'C', 1),
(73, 2, 8, 501, 'A', 1),
(74, 2, 8, 501, 'A A-B', 1),
(75, 2, 8, 501, 'B', 1),
(76, 2, 8, 501, 'C', 1),
(77, 7, 8, 320, '', 1),
(78, 3, 8, 503, 'A', 1),
(79, 3, 8, 503, 'B', 1),
(80, 4, 8, 502, 'A', 1),
(81, 4, 8, 502, 'B', 1),
(82, 4, 8, 502, 'C', 1),
(83, 4, 8, 502, 'C-E', 1),
(84, 4, 8, 502, 'D', 1),
(85, 4, 8, 502, 'F', 1),
(86, 10, 8, 181, '', 1),
(87, 1, 9, 504, 'A', 1),
(88, 1, 9, 504, 'B', 1),
(89, 2, 9, 501, 'A', 1),
(90, 2, 9, 501, 'B', 1),
(91, 3, 9, 503, 'A', 1),
(92, 3, 9, 503, 'B', 1),
(93, 4, 9, 502, 'A', 1),
(94, 4, 9, 502, 'B', 1),
(95, 4, 9, 502, 'C', 1),
(96, 4, 9, 502, 'C-E', 1),
(97, 4, 9, 502, 'D', 1),
(98, 4, 9, 502, 'F', 1),
(99, 4, 9, 502, 'G', 1),
(100, 4, 9, 502, 'H', 1);

-- --------------------------------------------------------

--
-- Estructura de tabla para la tabla `materiales`
--

CREATE TABLE `materiales` (
  `id_material` int(11) NOT NULL,
  `id_proov_y_uvent` int(11) NOT NULL,
  `nombre_material` varchar(50) NOT NULL,
  `color_rgb` varchar(25) DEFAULT NULL,
  `real_a` tinyint(4) DEFAULT NULL
) ENGINE=MyISAM DEFAULT CHARSET=utf8mb4 COLLATE=utf8mb4_general_ci;

--
-- Volcado de datos para la tabla `materiales`
--

INSERT INTO `materiales` (`id_material`, `id_proov_y_uvent`, `nombre_material`, `color_rgb`, `real_a`) VALUES
(1, 1, 'hierro', 'rgb(242, 60, 60)', 1),
(2, 1, 'cemento', 'rgb(123, 60, 242)', 1),
(3, 1, 'arena', 'rgb(0, 0, 0)', 1),
(4, 1, 'ripio', 'rgb(60, 126, 242)', 1),
(10, 1, 'pomeca', 'rgb(60, 242, 66)', 1),
(6, 2, 'herramientas', 'rgb(128, 128, 128)', 1),
(7, 2, 'membrana', 'rgb(128, 128, 128)', 1),
(9, 17, 'cal', 'rgb(128, 128, 128)', 1),
(8, 11, 'yeso', 'rgb(128, 128, 128)', 1),
(20, 20, 'losetas', '', 0),
(21, 20, 'ladrillon', 'rgb(0,130,0)', 1),
(22, 20, 'tergopol', 'rgb(130,0,130)', 0),
(23, 20, 'poste', '', 0);

-- --------------------------------------------------------

--
-- Estructura de tabla para la tabla `proov_y_uventas`
--

CREATE TABLE `proov_y_uventas` (
  `id_proov_y_uvent` int(11) NOT NULL,
  `nombre_proov_y_uvent` varchar(50) NOT NULL,
  `tipo` enum('compra','ot_entr','venta','ot_sal') NOT NULL DEFAULT 'venta'
) ENGINE=InnoDB DEFAULT CHARSET=utf8mb4 COLLATE=utf8mb4_general_ci;

--
-- Volcado de datos para la tabla `proov_y_uventas`
--

INSERT INTO `proov_y_uventas` (`id_proov_y_uvent`, `nombre_proov_y_uvent`, `tipo`) VALUES
(1, 'prooved1', 'compra'),
(2, 'prooved2', 'compra'),
(3, 'prooved3', 'ot_entr'),
(4, 'prooved4', 'compra'),
(5, 'prooved5', 'ot_entr'),
(6, 'local1', 'venta'),
(7, 'local2', 'venta'),
(8, 'tiendaonline', 'venta'),
(9, 'canje', 'ot_sal');

-- --------------------------------------------------------

--
-- Estructura de tabla para la tabla `transacciones`
--

CREATE TABLE `transacciones` (
  `id_transaccion` int(11) NOT NULL DEFAULT 0,
  `id_proov_y_uvent` int(11) NOT NULL,
  `id_local` int(11) NOT NULL DEFAULT 0,
  `saldo_ant` decimal(30,2) NOT NULL DEFAULT 0.00,
  `fecha` datetime NOT NULL DEFAULT current_timestamp(),
  `id_usuario` int(11) NOT NULL,
  `pago_tr` decimal(30,2) NOT NULL DEFAULT 0.00,
  `saldo_pos` decimal(30,2) NOT NULL DEFAULT 0.00,
  `importe_tr` decimal(30,2) NOT NULL DEFAULT 0.00
) ENGINE=MyISAM DEFAULT CHARSET=utf8mb4 COLLATE=utf8mb4_general_ci;

--
-- Volcado de datos para la tabla `transacciones`
--

INSERT INTO `transacciones` (`id_transaccion`, `id_proov_y_uvent`, `id_local`, `saldo_ant`, `fecha`, `id_usuario`, `pago_tr`, `saldo_pos`, `importe_tr`) VALUES
(3456, 2, 9, 348.00, '2024-03-19 19:59:01', 1, 0.00, 0.00, 0.00),
(3534, 2, 1, 344.00, '2024-03-19 19:59:01', 1, 0.00, 0.00, 0.00),
(3770, 6, 6, 346.00, '2024-03-19 19:59:01', 1, 0.00, 0.00, 0.00),
(3771, 6, 6, 346.00, '2024-03-19 19:59:01', 1, 0.00, 0.00, 0.00),
(4098, 6, 4, 323.00, '2024-03-19 19:59:01', 1, 0.00, 0.00, 0.00),
(4169, 7, 0, 347.00, '2024-03-19 19:59:01', 1, 0.00, 0.00, 0.00),
(4203, 7, 5, 346.00, '2024-03-19 19:59:01', 1, 0.00, 0.00, 0.00),
(4349, 18, 45, 27.00, '2024-03-19 19:59:01', 1, 0.00, 0.00, 0.00),
(351, 2, 1, 348.00, '2024-03-19 19:59:01', 1, 0.00, 0.00, 0.00),
(419, 2, 2, 349.00, '2024-03-19 19:59:01', 1, 0.00, 0.00, 0.00),
(591, 2, 3, 347.00, '2024-03-19 19:59:01', 1, 0.00, 0.00, 0.00),
(602, 2, 1, 347.00, '2024-03-19 19:59:01', 1, 0.00, 0.00, 0.00),
(605, 2, 1, 347.00, '2024-03-19 19:59:01', 1, 0.00, 0.00, 0.00),
(843, 3, 4, 346.00, '2024-03-19 19:59:01', 1, 0.00, 0.00, 0.00),
(872, 3, 8, 346.00, '2024-03-19 19:59:01', 1, 0.00, 0.00, 0.00),
(1483, 4, 7, 348.00, '2024-03-19 19:59:01', 1, 0.00, 0.00, 0.00),
(1538, 4, 5, 345.00, '2024-03-19 19:59:01', 1, 0.00, 0.00, 0.00),
(1560, 4, 9, 349.00, '2024-03-19 19:59:01', 1, 0.00, 0.00, 0.00),
(1590, 4, 2, 346.00, '2024-03-19 19:59:01', 1, 0.00, 0.00, 0.00),
(1680, 4, 3, 349.00, '2024-03-19 19:59:01', 1, 0.00, 0.00, 0.00),
(1825, 4, 2, 346.00, '2024-03-19 19:59:01', 1, 0.00, 0.00, 0.00),
(1936, 5, 9, 350.00, '2024-03-19 19:59:01', 1, 0.00, 0.00, 0.00),
(2487, 7, 6, 349.00, '2024-03-19 19:59:01', 1, 0.00, 0.00, 0.00),
(2521, 7, 0, 348.00, '2024-03-19 19:59:01', 1, 0.00, 0.00, 0.00),
(2668, 7, 7, 344.00, '2024-03-19 19:59:01', 1, 0.00, 0.00, 0.00),
(2812, 7, 9, 336.00, '2024-03-19 19:59:01', 1, 0.00, 0.00, 0.00),
(3205, 0, 1, 347.00, '2024-03-19 19:59:01', 1, 0.00, 0.00, 0.00),
(3217, 0, 3, 348.00, '2024-03-19 19:59:01', 1, 0.00, 0.00, 0.00),
(3277, 0, 2, 335.00, '2024-03-19 19:59:01', 1, 0.00, 0.00, 0.00),
(3279, 0, 3, 335.00, '2024-03-19 19:59:01', 1, 0.00, 0.00, 0.00),
(3416, 1, 4, 327.00, '2024-03-19 19:59:01', 1, 0.00, 0.00, 0.00),
(3425, 1, 5, 327.00, '2024-03-19 19:59:01', 1, 0.00, 0.00, 0.00),
(3608, 3, 5, 348.00, '2024-03-19 19:59:01', 1, 0.00, 0.00, 0.00),
(3896, 6, 3, 350.00, '2024-03-19 19:59:01', 1, 0.00, 0.00, 0.00),
(4228, 7, 9, 286.00, '2024-03-19 19:59:01', 1, 0.00, 0.00, 0.00),
(3269, 0, 1, 343.00, '2024-03-19 19:59:01', 1, 0.00, 0.00, 0.00),
(3267, 0, 1, 343.00, '2024-03-19 19:59:01', 1, 0.00, 0.00, 0.00),
(198, 1, 1, 339.00, '2024-03-19 19:59:01', 1, 0.00, 0.00, 0.00),
(308, 2, 1, 348.00, '2024-03-19 19:59:01', 1, 0.00, 0.00, 0.00),
(310, 2, 1, 348.00, '2024-03-19 19:59:01', 1, 0.00, 0.00, 0.00),
(393, 2, 1, 348.00, '2024-03-19 19:59:01', 1, 0.00, 0.00, 0.00),
(420, 2, 2, 349.00, '2024-03-19 19:59:01', 1, 0.00, 0.00, 0.00),
(592, 2, 3, 347.00, '2024-03-19 19:59:01', 1, 0.00, 0.00, 0.00),
(828, 3, 2, 346.00, '2024-03-19 19:59:01', 1, 0.00, 0.00, 0.00),
(1454, 4, 3, 348.00, '2024-03-19 19:59:01', 1, 0.00, 0.00, 0.00),
(1709, 4, 6, 349.00, '2024-03-19 19:59:01', 1, 0.00, 0.00, 0.00),
(1963, 5, 3, 349.00, '2024-03-19 19:59:01', 1, 0.00, 0.00, 0.00),
(2230, 6, 8, 348.00, '2024-03-19 19:59:01', 1, 0.00, 0.00, 0.00),
(2993, 9, 8, 350.00, '2024-03-19 19:59:01', 1, 0.00, 0.00, 0.00),
(3082, 9, 1, 347.00, '2024-03-19 19:59:01', 1, 0.00, 0.00, 0.00),
(3251, 0, 8, 344.00, '2024-03-19 19:59:01', 1, 0.00, 0.00, 0.00),
(3335, 1, 1, 348.00, '2024-03-19 19:59:01', 1, 0.00, 0.00, 0.00),
(3464, 2, 0, 347.00, '2024-03-19 19:59:01', 1, 0.00, 0.00, 0.00),
(3585, 3, 2, 349.00, '2024-03-19 19:59:01', 1, 0.00, 0.00, 0.00),
(3702, 5, 4, 342.00, '2024-03-19 19:59:01', 1, 0.00, 0.00, 0.00),
(3924, 6, 6, 350.00, '2024-03-19 19:59:01', 1, 0.00, 0.00, 0.00),
(3937, 6, 8, 349.00, '2024-03-19 19:59:01', 1, 0.00, 0.00, 0.00),
(3954, 6, 0, 349.00, '2024-03-19 19:59:01', 1, 0.00, 0.00, 0.00),
(3958, 6, 1, 349.00, '2024-03-19 19:59:01', 1, 0.00, 0.00, 0.00),
(4002, 6, 7, 314.00, '2024-03-19 19:59:01', 1, 0.00, 0.00, 0.00),
(4057, 6, 6, 346.00, '2024-03-19 19:59:01', 1, 0.00, 0.00, 0.00),
(4160, 6, 9, 323.00, '2024-03-19 19:59:01', 1, 0.00, 0.00, 0.00),
(4185, 7, 3, 347.00, '2024-03-19 19:59:01', 1, 0.00, 0.00, 0.00),
(4293, 8, 1, 346.00, '2024-03-19 19:59:01', 1, 0.00, 0.00, 0.00),
(217, 1, 1, 346.00, '2024-03-19 19:59:01', 1, 0.00, 0.00, 0.00),
(552, 2, 1, 347.00, '2024-03-19 19:59:01', 1, 0.00, 0.00, 0.00),
(1027, 3, 9, 346.00, '2024-03-19 19:59:01', 1, 0.00, 0.00, 0.00),
(1123, 3, 1, 345.00, '2024-03-19 19:59:01', 1, 0.00, 0.00, 0.00),
(1236, 3, 6, 344.00, '2024-03-19 19:59:01', 1, 0.00, 0.00, 0.00),
(2086, 6, 1, 344.00, '2024-03-19 19:59:01', 1, 0.00, 0.00, 0.00),
(2599, 7, 0, 348.00, '2024-03-19 19:59:01', 1, 0.00, 0.00, 0.00),
(2823, 8, 1, 348.00, '2024-03-19 19:59:01', 1, 0.00, 0.00, 0.00),
(3233, 0, 5, 348.00, '2024-03-19 19:59:01', 1, 0.00, 0.00, 0.00),
(3276, 0, 2, 335.00, '2024-03-19 19:59:01', 1, 0.00, 0.00, 0.00),
(3283, 0, 3, 335.00, '2024-03-19 19:59:01', 1, 0.00, 0.00, 0.00),
(3494, 2, 4, 347.00, '2024-03-19 19:59:01', 1, 0.00, 0.00, 0.00),
(3542, 2, 2, 150.00, '2024-03-19 19:59:01', 1, 0.00, 0.00, 0.00),
(3953, 6, 0, 349.00, '2024-03-19 19:59:01', 1, 0.00, 0.00, 0.00),
(4114, 6, 7, 350.00, '2024-03-19 19:59:01', 1, 0.00, 0.00, 0.00),
(4121, 6, 9, 349.00, '2024-03-19 19:59:01', 1, 0.00, 0.00, 0.00),
(4198, 7, 4, 346.00, '2024-03-19 19:59:01', 1, 0.00, 0.00, 0.00),
(199, 1, 1, 339.00, '2024-03-19 19:59:01', 1, 0.00, 0.00, 0.00),
(623, 2, 3, 347.00, '2024-03-19 19:59:01', 1, 0.00, 0.00, 0.00),
(1321, 3, 7, 348.00, '2024-03-19 19:59:01', 1, 0.00, 0.00, 0.00),
(1421, 3, 9, 346.00, '2024-03-19 19:59:01', 1, 0.00, 0.00, 0.00),
(1522, 4, 2, 313.00, '2024-03-19 19:59:01', 1, 0.00, 0.00, 0.00),
(1581, 4, 1, 346.00, '2024-03-19 19:59:01', 1, 0.00, 0.00, 0.00),
(1803, 4, 9, 347.00, '2024-03-19 19:59:01', 1, 0.00, 0.00, 0.00),
(2426, 6, 5, 341.00, '2024-03-19 19:59:01', 1, 0.00, 0.00, 0.00),
(2483, 7, 6, 349.00, '2024-03-19 19:59:01', 1, 0.00, 0.00, 0.00),
(2522, 7, 0, 348.00, '2024-03-19 19:59:01', 1, 0.00, 0.00, 0.00),
(2845, 8, 4, 348.00, '2024-03-19 19:59:01', 1, 0.00, 0.00, 0.00),
(3223, 0, 3, 347.00, '2024-03-19 19:59:01', 1, 0.00, 0.00, 0.00),
(3325, 1, 0, 348.00, '2024-03-19 19:59:01', 1, 0.00, 0.00, 0.00),
(3327, 1, 0, 348.00, '2024-03-19 19:59:01', 1, 0.00, 0.00, 0.00),
(3329, 1, 0, 348.00, '2024-03-19 19:59:01', 1, 0.00, 0.00, 0.00),
(3355, 1, 4, 348.00, '2024-03-19 19:59:01', 1, 0.00, 0.00, 0.00),
(3512, 2, 7, 325.00, '2024-03-19 19:59:01', 1, 0.00, 0.00, 0.00),
(3532, 2, 1, 344.00, '2024-03-19 19:59:01', 1, 0.00, 0.00, 0.00),
(3555, 3, 7, 342.00, '2024-03-19 19:59:01', 1, 0.00, 0.00, 0.00),
(4012, 6, 9, 341.00, '2024-03-19 19:59:01', 1, 0.00, 0.00, 0.00),
(4178, 7, 2, 347.00, '2024-03-19 19:59:01', 1, 0.00, 0.00, 0.00),
(4269, 8, 8, 346.00, '2024-03-19 19:59:01', 1, 0.00, 0.00, 0.00),
(4292, 8, 1, 346.00, '2024-03-19 19:59:01', 1, 0.00, 0.00, 0.00),
(219, 1, 1, 346.00, '2024-03-19 19:59:01', 1, 0.00, 0.00, 0.00),
(318, 2, 2, 348.00, '2024-03-19 19:59:01', 1, 0.00, 0.00, 0.00),
(468, 2, 1, 349.00, '2024-03-19 19:59:01', 1, 0.00, 0.00, 0.00),
(529, 2, 1, 347.00, '2024-03-19 19:59:01', 1, 0.00, 0.00, 0.00),
(562, 2, 2, 347.00, '2024-03-19 19:59:01', 1, 0.00, 0.00, 0.00),
(733, 2, 9, 339.00, '2024-03-19 19:59:01', 1, 0.00, 0.00, 0.00),
(1340, 3, 9, 348.00, '2024-03-19 19:59:01', 1, 0.00, 0.00, 0.00),
(1479, 4, 7, 348.00, '2024-03-19 19:59:01', 1, 0.00, 0.00, 0.00),
(1739, 4, 1, 348.00, '2024-03-19 19:59:01', 1, 0.00, 0.00, 0.00),
(1786, 4, 6, 347.00, '2024-03-19 19:59:01', 1, 0.00, 0.00, 0.00),
(2085, 6, 1, 344.00, '2024-03-19 19:59:01', 1, 0.00, 0.00, 0.00),
(2348, 6, 5, 343.00, '2024-03-19 19:59:01', 1, 0.00, 0.00, 0.00),
(2371, 6, 9, 346.00, '2024-03-19 19:59:01', 1, 0.00, 0.00, 0.00),
(2380, 6, 0, 346.00, '2024-03-19 19:59:01', 1, 0.00, 0.00, 0.00),
(2489, 7, 6, 349.00, '2024-03-19 19:59:01', 1, 0.00, 0.00, 0.00),
(2592, 7, 9, 348.00, '2024-03-19 19:59:01', 1, 0.00, 0.00, 0.00),
(2637, 7, 5, 345.00, '2024-03-19 19:59:01', 1, 0.00, 0.00, 0.00),
(2663, 7, 7, 344.00, '2024-03-19 19:59:01', 1, 0.00, 0.00, 0.00),
(2713, 7, 5, 344.00, '2024-03-19 19:59:01', 1, 0.00, 0.00, 0.00),
(3437, 2, 7, 348.00, '2024-03-19 19:59:01', 1, 0.00, 0.00, 0.00),
(3566, 3, 8, 341.00, '2024-03-19 19:59:01', 1, 0.00, 0.00, 0.00),
(3675, 4, 9, 343.00, '2024-03-19 19:59:01', 1, 0.00, 0.00, 0.00),
(3786, 6, 8, 346.00, '2024-03-19 19:59:01', 1, 0.00, 0.00, 0.00),
(3807, 6, 1, 350.00, '2024-03-19 19:59:01', 1, 0.00, 0.00, 0.00),
(3979, 6, 4, 341.00, '2024-03-19 19:59:01', 1, 0.00, 0.00, 0.00),
(4164, 7, 0, 347.00, '2024-03-19 19:59:01', 1, 0.00, 0.00, 0.00),
(4326, 8, 7, 344.00, '2024-03-19 19:59:01', 1, 0.00, 0.00, 0.00),
(45, 1, 2, 340.00, '2024-03-19 19:59:01', 1, 0.00, 0.00, 0.00),
(274, 1, 2, 339.00, '2024-03-19 19:59:01', 1, 0.00, 0.00, 0.00),
(324, 2, 3, 348.00, '2024-03-19 19:59:01', 1, 0.00, 0.00, 0.00),
(1005, 3, 6, 347.00, '2024-03-19 19:59:01', 1, 0.00, 0.00, 0.00),
(1798, 4, 8, 347.00, '2024-03-19 19:59:01', 1, 0.00, 0.00, 0.00),
(1969, 5, 3, 349.00, '2024-03-19 19:59:01', 1, 0.00, 0.00, 0.00),
(2020, 5, 1, 342.00, '2024-03-19 19:59:01', 1, 0.00, 0.00, 0.00),
(2237, 6, 9, 348.00, '2024-03-19 19:59:01', 1, 0.00, 0.00, 0.00),
(2239, 6, 9, 348.00, '2024-03-19 19:59:01', 1, 0.00, 0.00, 0.00),
(2598, 7, 0, 348.00, '2024-03-19 19:59:01', 1, 0.00, 0.00, 0.00),
(3141, 9, 0, 341.00, '2024-03-19 19:59:01', 1, 0.00, 0.00, 0.00),
(3514, 2, 7, 325.00, '2024-03-19 19:59:01', 1, 0.00, 0.00, 0.00),
(3685, 5, 1, 343.00, '2024-03-19 19:59:01', 1, 0.00, 0.00, 0.00),
(3708, 5, 5, 293.00, '2024-03-19 19:59:01', 1, 0.00, 0.00, 0.00),
(3833, 6, 4, 350.00, '2024-03-19 19:59:01', 1, 0.00, 0.00, 0.00),
(3839, 6, 5, 350.00, '2024-03-19 19:59:01', 1, 0.00, 0.00, 0.00),
(3959, 6, 1, 349.00, '2024-03-19 19:59:01', 1, 0.00, 0.00, 0.00),
(4084, 6, 0, 323.00, '2024-03-19 19:59:01', 1, 0.00, 0.00, 0.00),
(4095, 6, 3, 283.00, '2024-03-19 19:59:01', 1, 0.00, 0.00, 0.00),
(4238, 8, 4, 347.00, '2024-03-19 19:59:01', 1, 0.00, 0.00, 0.00),
(3, 1, 1, 339.00, '2024-03-19 19:59:01', 1, 0.00, 0.00, 0.00),
(23, 1, 1, 308.00, '2024-03-19 19:59:01', 1, 0.00, 0.00, 0.00),
(392, 2, 1, 348.00, '2024-03-19 19:59:01', 1, 0.00, 0.00, 0.00),
(607, 2, 1, 347.00, '2024-03-19 19:59:01', 1, 0.00, 0.00, 0.00),
(711, 2, 6, 346.00, '2024-03-19 19:59:01', 1, 0.00, 0.00, 0.00),
(1032, 3, 9, 346.00, '2024-03-19 19:59:01', 1, 0.00, 0.00, 0.00),
(1373, 3, 3, 347.00, '2024-03-19 19:59:01', 1, 0.00, 0.00, 0.00),
(2568, 7, 6, 349.00, '2024-03-19 19:59:01', 1, 0.00, 0.00, 0.00),
(2641, 7, 5, 345.00, '2024-03-19 19:59:01', 1, 0.00, 0.00, 0.00),
(3025, 9, 3, 350.00, '2024-03-19 19:59:01', 1, 0.00, 0.00, 0.00),
(3100, 9, 3, 346.00, '2024-03-19 19:59:01', 1, 0.00, 0.00, 0.00),
(3194, 0, 0, 347.00, '2024-03-19 19:59:01', 1, 0.00, 0.00, 0.00),
(3213, 0, 2, 346.00, '2024-03-19 19:59:01', 1, 0.00, 0.00, 0.00),
(3299, 1, 6, 348.00, '2024-03-19 19:59:01', 1, 0.00, 0.00, 0.00),
(3434, 2, 6, 348.00, '2024-03-19 19:59:01', 1, 0.00, 0.00, 0.00),
(3439, 2, 7, 348.00, '2024-03-19 19:59:01', 1, 0.00, 0.00, 0.00),
(3825, 6, 3, 350.00, '2024-03-19 19:59:01', 1, 0.00, 0.00, 0.00),
(3885, 6, 1, 350.00, '2024-03-19 19:59:01', 1, 0.00, 0.00, 0.00),
(3932, 6, 7, 349.00, '2024-03-19 19:59:01', 1, 0.00, 0.00, 0.00),
(4099, 6, 4, 323.00, '2024-03-19 19:59:01', 1, 0.00, 0.00, 0.00),
(512, 2, 3, 348.00, '2024-03-19 19:59:01', 1, 0.00, 0.00, 0.00),
(183, 1, 3, 333.00, '2024-03-19 19:59:01', 1, 0.00, 0.00, 0.00),
(2914, 9, 7, 350.00, '2024-03-19 19:59:01', 1, 0.00, 0.00, 0.00),
(1563, 4, 9, 349.00, '2024-03-19 19:59:01', 1, 0.00, 0.00, 0.00),
(2149, 6, 9, 349.00, '2024-03-19 19:59:01', 1, 0.00, 0.00, 0.00),
(2674, 7, 8, 344.00, '2024-03-19 19:59:01', 1, 0.00, 0.00, 0.00),
(2843, 8, 4, 348.00, '2024-03-19 19:59:01', 1, 0.00, 0.00, 0.00),
(2972, 9, 5, 350.00, '2024-03-19 19:59:01', 1, 0.00, 0.00, 0.00),
(3413, 1, 3, 343.00, '2024-03-19 19:59:01', 1, 0.00, 0.00, 0.00),
(3431, 2, 6, 348.00, '2024-03-19 19:59:01', 1, 0.00, 0.00, 0.00),
(3527, 2, 0, 344.00, '2024-03-19 19:59:01', 1, 0.00, 0.00, 0.00),
(3632, 3, 9, 349.00, '2024-03-19 19:59:01', 1, 0.00, 0.00, 0.00),
(3744, 6, 2, 349.00, '2024-03-19 19:59:01', 1, 0.00, 0.00, 0.00),
(3754, 6, 3, 348.00, '2024-03-19 19:59:01', 1, 0.00, 0.00, 0.00),
(3760, 6, 4, 348.00, '2024-03-19 19:59:01', 1, 0.00, 0.00, 0.00),
(3764, 6, 5, 346.00, '2024-03-19 19:59:01', 1, 0.00, 0.00, 0.00),
(3792, 6, 8, 346.00, '2024-03-19 19:59:01', 1, 0.00, 0.00, 0.00),
(4120, 6, 9, 349.00, '2024-03-19 19:59:01', 1, 0.00, 0.00, 0.00),
(249, 1, 2, 340.00, '2024-03-19 19:59:01', 1, 0.00, 0.00, 0.00),
(472, 2, 1, 349.00, '2024-03-19 19:59:01', 1, 0.00, 0.00, 0.00),
(1451, 4, 3, 348.00, '2024-03-19 19:59:01', 1, 0.00, 0.00, 0.00),
(1583, 4, 1, 346.00, '2024-03-19 19:59:01', 1, 0.00, 0.00, 0.00),
(2062, 6, 8, 345.00, '2024-03-19 19:59:01', 1, 0.00, 0.00, 0.00),
(2155, 6, 9, 349.00, '2024-03-19 19:59:01', 1, 0.00, 0.00, 0.00),
(2218, 6, 7, 348.00, '2024-03-19 19:59:01', 1, 0.00, 0.00, 0.00),
(2740, 7, 0, 348.00, '2024-03-19 19:59:01', 1, 0.00, 0.00, 0.00),
(2918, 9, 8, 350.00, '2024-03-19 19:59:01', 1, 0.00, 0.00, 0.00),
(3179, 9, 8, 294.00, '2024-03-19 19:59:01', 1, 0.00, 0.00, 0.00),
(3484, 2, 3, 347.00, '2024-03-19 19:59:01', 1, 0.00, 0.00, 0.00),
(3646, 4, 2, 322.00, '2024-03-19 19:59:01', 1, 0.00, 0.00, 0.00),
(3648, 4, 2, 322.00, '2024-03-19 19:59:01', 1, 0.00, 0.00, 0.00),
(3788, 6, 8, 346.00, '2024-03-19 19:59:01', 1, 0.00, 0.00, 0.00),
(3823, 6, 3, 350.00, '2024-03-19 19:59:01', 1, 0.00, 0.00, 0.00),
(3837, 6, 4, 350.00, '2024-03-19 19:59:01', 1, 0.00, 0.00, 0.00),
(3902, 6, 3, 350.00, '2024-03-19 19:59:01', 1, 0.00, 0.00, 0.00),
(3962, 6, 1, 349.00, '2024-03-19 19:59:01', 1, 0.00, 0.00, 0.00),
(3970, 6, 2, 349.00, '2024-03-19 19:59:01', 1, 0.00, 0.00, 0.00),
(3992, 6, 6, 341.00, '2024-03-19 19:59:01', 1, 0.00, 0.00, 0.00),
(4247, 8, 5, 347.00, '2024-03-19 19:59:01', 1, 0.00, 0.00, 0.00),
(196, 1, 1, 339.00, '2024-03-19 19:59:01', 1, 0.00, 0.00, 0.00),
(312, 2, 2, 348.00, '2024-03-19 19:59:01', 1, 0.00, 0.00, 0.00),
(947, 3, 8, 348.00, '2024-03-19 19:59:01', 1, 0.00, 0.00, 0.00),
(1047, 3, 1, 346.00, '2024-03-19 19:59:01', 1, 0.00, 0.00, 0.00),
(1307, 3, 5, 348.00, '2024-03-19 19:59:01', 1, 0.00, 0.00, 0.00),
(1642, 4, 8, 348.00, '2024-03-19 19:59:01', 1, 0.00, 0.00, 0.00),
(1804, 4, 0, 346.00, '2024-03-19 19:59:01', 1, 0.00, 0.00, 0.00),
(1859, 4, 6, 345.00, '2024-03-19 19:59:01', 1, 0.00, 0.00, 0.00),
(2153, 6, 9, 349.00, '2024-03-19 19:59:01', 1, 0.00, 0.00, 0.00),
(2384, 6, 0, 346.00, '2024-03-19 19:59:01', 1, 0.00, 0.00, 0.00),
(2430, 6, 6, 341.00, '2024-03-19 19:59:01', 1, 0.00, 0.00, 0.00),
(2535, 7, 1, 348.00, '2024-03-19 19:59:01', 1, 0.00, 0.00, 0.00),
(2630, 7, 4, 347.00, '2024-03-19 19:59:01', 1, 0.00, 0.00, 0.00),
(2689, 7, 1, 325.00, '2024-03-19 19:59:01', 1, 0.00, 0.00, 0.00),
(2902, 9, 6, 350.00, '2024-03-19 19:59:01', 1, 0.00, 0.00, 0.00),
(3008, 9, 0, 350.00, '2024-03-19 19:59:01', 1, 0.00, 0.00, 0.00),
(3278, 0, 2, 335.00, '2024-03-19 19:59:01', 1, 0.00, 0.00, 0.00),
(3473, 2, 1, 347.00, '2024-03-19 19:59:01', 1, 0.00, 0.00, 0.00),
(3517, 2, 8, 325.00, '2024-03-19 19:59:01', 1, 0.00, 0.00, 0.00),
(3718, 6, 8, 349.00, '2024-03-19 19:59:01', 1, 0.00, 0.00, 0.00),
(3727, 6, 9, 349.00, '2024-03-19 19:59:01', 1, 0.00, 0.00, 0.00),
(3799, 6, 0, 345.00, '2024-03-19 19:59:01', 1, 0.00, 0.00, 0.00),
(3913, 6, 5, 350.00, '2024-03-19 19:59:01', 1, 0.00, 0.00, 0.00),
(3950, 6, 9, 349.00, '2024-03-19 19:59:01', 1, 0.00, 0.00, 0.00),
(4205, 7, 5, 346.00, '2024-03-19 19:59:01', 1, 0.00, 0.00, 0.00),
(4244, 8, 5, 347.00, '2024-03-19 19:59:01', 1, 0.00, 0.00, 0.00),
(4302, 8, 3, 346.00, '2024-03-19 19:59:01', 1, 0.00, 0.00, 0.00),
(161, 1, 3, 341.00, '2024-03-19 19:59:01', 1, 0.00, 0.00, 0.00),
(174, 1, 1, 341.00, '2024-03-19 19:59:01', 1, 0.00, 0.00, 0.00),
(2915, 9, 7, 350.00, '2024-03-19 19:59:01', 1, 0.00, 0.00, 0.00),
(3272, 0, 1, 343.00, '2024-03-19 19:59:01', 1, 0.00, 0.00, 0.00),
(737, 2, 9, 339.00, '2024-03-19 19:59:01', 1, 0.00, 0.00, 0.00),
(1252, 3, 8, 344.00, '2024-03-19 19:59:01', 1, 0.00, 0.00, 0.00),
(1372, 3, 3, 347.00, '2024-03-19 19:59:01', 1, 0.00, 0.00, 0.00),
(1390, 3, 5, 346.00, '2024-03-19 19:59:01', 1, 0.00, 0.00, 0.00),
(1391, 3, 5, 346.00, '2024-03-19 19:59:01', 1, 0.00, 0.00, 0.00),
(2058, 6, 8, 345.00, '2024-03-19 19:59:01', 1, 0.00, 0.00, 0.00),
(2466, 6, 1, 332.00, '2024-03-19 19:59:01', 1, 0.00, 0.00, 0.00),
(2558, 7, 5, 349.00, '2024-03-19 19:59:01', 1, 0.00, 0.00, 0.00),
(3053, 9, 7, 347.00, '2024-03-19 19:59:01', 1, 0.00, 0.00, 0.00),
(188, 1, 3, 333.00, '2024-03-19 19:59:01', 1, 0.00, 0.00, 0.00),
(3263, 0, 0, 344.00, '2024-03-19 19:59:01', 1, 0.00, 0.00, 0.00),
(3384, 1, 8, 329.00, '2024-03-19 19:59:01', 1, 0.00, 0.00, 0.00),
(3753, 6, 3, 348.00, '2024-03-19 19:59:01', 1, 0.00, 0.00, 0.00),
(3832, 6, 4, 350.00, '2024-03-19 19:59:01', 1, 0.00, 0.00, 0.00),
(4234, 7, 2, 260.00, '2024-03-19 19:59:01', 1, 0.00, 0.00, 0.00),
(4264, 8, 7, 346.00, '2024-03-19 19:59:01', 1, 0.00, 0.00, 0.00),
(4301, 8, 2, 346.00, '2024-03-19 19:59:01', 1, 0.00, 0.00, 0.00),
(38, 1, 1, 337.00, '2024-03-19 19:59:01', 1, 0.00, 0.00, 0.00),
(131, 1, 1, 348.00, '2024-03-19 19:59:01', 1, 0.00, 0.00, 0.00),
(330, 2, 1, 348.00, '2024-03-19 19:59:01', 1, 0.00, 0.00, 0.00),
(1191, 3, 0, 348.00, '2024-03-19 19:59:01', 1, 0.00, 0.00, 0.00),
(1588, 4, 2, 346.00, '2024-03-19 19:59:01', 1, 0.00, 0.00, 0.00),
(1731, 4, 0, 348.00, '2024-03-19 19:59:01', 1, 0.00, 0.00, 0.00),
(2152, 6, 9, 349.00, '2024-03-19 19:59:01', 1, 0.00, 0.00, 0.00),
(2415, 6, 4, 345.00, '2024-03-19 19:59:01', 1, 0.00, 0.00, 0.00),
(2822, 8, 1, 348.00, '2024-03-19 19:59:01', 1, 0.00, 0.00, 0.00),
(2949, 9, 2, 350.00, '2024-03-19 19:59:01', 1, 0.00, 0.00, 0.00),
(2946, 9, 2, 350.00, '2024-03-19 19:59:01', 1, 0.00, 0.00, 0.00),
(3268, 0, 1, 343.00, '2024-03-19 19:59:01', 1, 0.00, 0.00, 0.00),
(3265, 0, 0, 343.00, '2024-03-19 19:59:01', 1, 0.00, 0.00, 0.00),
(3363, 1, 5, 347.00, '2024-03-19 19:59:01', 1, 0.00, 0.00, 0.00),
(3442, 2, 7, 348.00, '2024-03-19 19:59:01', 1, 0.00, 0.00, 0.00),
(3891, 6, 2, 350.00, '2024-03-19 19:59:01', 1, 0.00, 0.00, 0.00),
(3955, 6, 0, 349.00, '2024-03-19 19:59:01', 1, 0.00, 0.00, 0.00),
(4016, 6, 0, 341.00, '2024-03-19 19:59:01', 1, 0.00, 0.00, 0.00),
(4035, 6, 2, 340.00, '2024-03-19 19:59:01', 1, 0.00, 0.00, 0.00),
(4044, 6, 4, 349.00, '2024-03-19 19:59:01', 1, 0.00, 0.00, 0.00),
(4208, 7, 5, 346.00, '2024-03-19 19:59:01', 1, 0.00, 0.00, 0.00),
(4327, 8, 7, 344.00, '2024-03-19 19:59:01', 1, 0.00, 0.00, 0.00),
(7, 1, 2, 338.00, '2024-03-19 19:59:01', 1, 0.00, 0.00, 0.00),
(371, 2, 1, 348.00, '2024-03-19 19:59:01', 1, 0.00, 0.00, 0.00),
(578, 2, 1, 347.00, '2024-03-19 19:59:01', 1, 0.00, 0.00, 0.00),
(844, 3, 4, 346.00, '2024-03-19 19:59:01', 1, 0.00, 0.00, 0.00),
(850, 3, 5, 346.00, '2024-03-19 19:59:01', 1, 0.00, 0.00, 0.00),
(1006, 3, 6, 347.00, '2024-03-19 19:59:01', 1, 0.00, 0.00, 0.00),
(3295, 1, 6, 348.00, '2024-03-19 19:59:01', 1, 0.00, 0.00, 0.00),
(3332, 1, 1, 348.00, '2024-03-19 19:59:01', 1, 0.00, 0.00, 0.00),
(3376, 1, 6, 316.00, '2024-03-19 19:59:01', 1, 0.00, 0.00, 0.00),
(3471, 2, 1, 347.00, '2024-03-19 19:59:01', 1, 0.00, 0.00, 0.00),
(3548, 2, 4, 318.00, '2024-03-19 19:59:01', 1, 0.00, 0.00, 0.00),
(3914, 6, 5, 350.00, '2024-03-19 19:59:01', 1, 0.00, 0.00, 0.00),
(4025, 6, 1, 341.00, '2024-03-19 19:59:01', 1, 0.00, 0.00, 0.00),
(4031, 6, 1, 341.00, '2024-03-19 19:59:01', 1, 0.00, 0.00, 0.00),
(4062, 6, 6, 346.00, '2024-03-19 19:59:01', 1, 0.00, 0.00, 0.00),
(4080, 6, 9, 346.00, '2024-03-19 19:59:01', 1, 0.00, 0.00, 0.00),
(78, 1, 1, 306.00, '2024-03-19 19:59:01', 1, 0.00, 0.00, 0.00),
(230, 1, 3, 346.00, '2024-03-19 19:59:01', 1, 0.00, 0.00, 0.00),
(1736, 4, 0, 348.00, '2024-03-19 19:59:01', 1, 0.00, 0.00, 0.00),
(2256, 6, 2, 348.00, '2024-03-19 19:59:01', 1, 0.00, 0.00, 0.00),
(2396, 6, 2, 346.00, '2024-03-19 19:59:01', 1, 0.00, 0.00, 0.00),
(2400, 6, 2, 346.00, '2024-03-19 19:59:01', 1, 0.00, 0.00, 0.00),
(2421, 6, 5, 342.00, '2024-03-19 19:59:01', 1, 0.00, 0.00, 0.00),
(2529, 7, 1, 348.00, '2024-03-19 19:59:01', 1, 0.00, 0.00, 0.00),
(2601, 7, 0, 348.00, '2024-03-19 19:59:01', 1, 0.00, 0.00, 0.00),
(2666, 7, 7, 344.00, '2024-03-19 19:59:01', 1, 0.00, 0.00, 0.00),
(2691, 7, 2, 345.00, '2024-03-19 19:59:01', 1, 0.00, 0.00, 0.00),
(3174, 9, 6, 324.00, '2024-03-19 19:59:01', 1, 0.00, 0.00, 0.00),
(3209, 0, 2, 346.00, '2024-03-19 19:59:01', 1, 0.00, 0.00, 0.00),
(3245, 0, 7, 348.00, '2024-03-19 19:59:01', 1, 0.00, 0.00, 0.00),
(3388, 1, 9, 323.00, '2024-03-19 19:59:01', 1, 0.00, 0.00, 0.00),
(3429, 2, 6, 348.00, '2024-03-19 19:59:01', 1, 0.00, 0.00, 0.00),
(3440, 2, 7, 348.00, '2024-03-19 19:59:01', 1, 0.00, 0.00, 0.00),
(3706, 5, 4, 342.00, '2024-03-19 19:59:01', 1, 0.00, 0.00, 0.00),
(3858, 6, 7, 349.00, '2024-03-19 19:59:01', 1, 0.00, 0.00, 0.00),
(3879, 6, 1, 350.00, '2024-03-19 19:59:01', 1, 0.00, 0.00, 0.00),
(4094, 6, 3, 283.00, '2024-03-19 19:59:01', 1, 0.00, 0.00, 0.00),
(309, 2, 1, 348.00, '2024-03-19 19:59:01', 1, 0.00, 0.00, 0.00),
(799, 3, 8, 343.00, '2024-03-19 19:59:01', 1, 0.00, 0.00, 0.00),
(977, 3, 2, 347.00, '2024-03-19 19:59:01', 1, 0.00, 0.00, 0.00),
(1263, 3, 9, 345.00, '2024-03-19 19:59:01', 1, 0.00, 0.00, 0.00),
(2275, 6, 5, 335.00, '2024-03-19 19:59:01', 1, 0.00, 0.00, 0.00),
(2560, 7, 5, 349.00, '2024-03-19 19:59:01', 1, 0.00, 0.00, 0.00),
(3022, 9, 2, 350.00, '2024-03-19 19:59:01', 1, 0.00, 0.00, 0.00),
(3024, 9, 2, 350.00, '2024-03-19 19:59:01', 1, 0.00, 0.00, 0.00),
(3190, 0, 9, 347.00, '2024-03-19 19:59:01', 1, 0.00, 0.00, 0.00),
(3586, 3, 2, 349.00, '2024-03-19 19:59:01', 1, 0.00, 0.00, 0.00),
(4027, 6, 1, 341.00, '2024-03-19 19:59:01', 1, 0.00, 0.00, 0.00),
(4146, 6, 5, 337.00, '2024-03-19 19:59:01', 1, 0.00, 0.00, 0.00),
(234, 1, 3, 345.00, '2024-03-19 19:59:01', 1, 0.00, 0.00, 0.00),
(421, 2, 2, 349.00, '2024-03-19 19:59:01', 1, 0.00, 0.00, 0.00),
(536, 2, 2, 347.00, '2024-03-19 19:59:01', 1, 0.00, 0.00, 0.00),
(1601, 4, 4, 346.00, '2024-03-19 19:59:01', 1, 0.00, 0.00, 0.00),
(1773, 4, 5, 348.00, '2024-03-19 19:59:01', 1, 0.00, 0.00, 0.00),
(1931, 5, 9, 350.00, '2024-03-19 19:59:01', 1, 0.00, 0.00, 0.00),
(2557, 7, 5, 349.00, '2024-03-19 19:59:01', 1, 0.00, 0.00, 0.00),
(2638, 7, 5, 345.00, '2024-03-19 19:59:01', 1, 0.00, 0.00, 0.00),
(2824, 8, 1, 348.00, '2024-03-19 19:59:01', 1, 0.00, 0.00, 0.00),
(2903, 9, 6, 350.00, '2024-03-19 19:59:01', 1, 0.00, 0.00, 0.00),
(3028, 9, 3, 350.00, '2024-03-19 19:59:01', 1, 0.00, 0.00, 0.00),
(3030, 9, 3, 350.00, '2024-03-19 19:59:01', 1, 0.00, 0.00, 0.00),
(3081, 9, 1, 347.00, '2024-03-19 19:59:01', 1, 0.00, 0.00, 0.00),
(3152, 9, 2, 333.00, '2024-03-19 19:59:01', 1, 0.00, 0.00, 0.00),
(3238, 0, 6, 348.00, '2024-03-19 19:59:01', 1, 0.00, 0.00, 0.00),
(3315, 1, 9, 348.00, '2024-03-19 19:59:01', 1, 0.00, 0.00, 0.00),
(3385, 1, 8, 328.00, '2024-03-19 19:59:01', 1, 0.00, 0.00, 0.00),
(3410, 1, 3, 343.00, '2024-03-19 19:59:01', 1, 0.00, 0.00, 0.00),
(3503, 2, 5, 347.00, '2024-03-19 19:59:01', 1, 0.00, 0.00, 0.00),
(3864, 6, 8, 349.00, '2024-03-19 19:59:01', 1, 0.00, 0.00, 0.00),
(4295, 8, 1, 346.00, '2024-03-19 19:59:01', 1, 0.00, 0.00, 0.00),
(73, 1, 3, 340.00, '2024-03-19 19:59:01', 1, 0.00, 0.00, 0.00),
(785, 3, 6, 344.00, '2024-03-19 19:59:01', 1, 0.00, 0.00, 0.00),
(875, 3, 8, 346.00, '2024-03-19 19:59:01', 1, 0.00, 0.00, 0.00),
(945, 3, 8, 348.00, '2024-03-19 19:59:01', 1, 0.00, 0.00, 0.00),
(2121, 6, 5, 347.00, '2024-03-19 19:59:01', 1, 0.00, 0.00, 0.00),
(2177, 6, 2, 348.00, '2024-03-19 19:59:01', 1, 0.00, 0.00, 0.00),
(2423, 6, 5, 341.00, '2024-03-19 19:59:01', 1, 0.00, 0.00, 0.00),
(2465, 6, 1, 332.00, '2024-03-19 19:59:01', 1, 0.00, 0.00, 0.00),
(2693, 7, 2, 345.00, '2024-03-19 19:59:01', 1, 0.00, 0.00, 0.00),
(2996, 9, 8, 350.00, '2024-03-19 19:59:01', 1, 0.00, 0.00, 0.00),
(3004, 9, 9, 350.00, '2024-03-19 19:59:01', 1, 0.00, 0.00, 0.00),
(3259, 0, 9, 344.00, '2024-03-19 19:59:01', 1, 0.00, 0.00, 0.00),
(3371, 1, 6, 317.00, '2024-03-19 19:59:01', 1, 0.00, 0.00, 0.00),
(3420, 1, 5, 327.00, '2024-03-19 19:59:01', 1, 0.00, 0.00, 0.00),
(3717, 6, 8, 349.00, '2024-03-19 19:59:01', 1, 0.00, 0.00, 0.00),
(3869, 6, 9, 349.00, '2024-03-19 19:59:01', 1, 0.00, 0.00, 0.00),
(3947, 6, 9, 349.00, '2024-03-19 19:59:01', 1, 0.00, 0.00, 0.00),
(4045, 6, 4, 349.00, '2024-03-19 19:59:01', 1, 0.00, 0.00, 0.00),
(4047, 6, 4, 349.00, '2024-03-19 19:59:01', 1, 0.00, 0.00, 0.00),
(4201, 7, 5, 346.00, '2024-03-19 19:59:01', 1, 0.00, 0.00, 0.00);

-- --------------------------------------------------------

--
-- Estructura de tabla para la tabla `usuarios`
--

CREATE TABLE `usuarios` (
  `dni_usu` int(11) NOT NULL,
  `nombre_usu` varchar(50) NOT NULL,
  `token_usu` varchar(50) NOT NULL,
  `permiso_usu` varchar(50) NOT NULL,
  `id_local` int(11) DEFAULT NULL
) ENGINE=MyISAM DEFAULT CHARSET=utf8mb4 COLLATE=utf8mb4_general_ci;

--
-- Volcado de datos para la tabla `usuarios`
--

INSERT INTO `usuarios` (`dni_usu`, `nombre_usu`, `token_usu`, `permiso_usu`, `id_local`) VALUES
(26615745, 'esteban mallea', 'MDMwMTgz', 'admin', 348),
(33208408, 'damian', 'ZGFtaWFu', 'admin', 0),
(33208402, 'visor', 'NDU0NTQ1', 'visualizar', 0),
(23232323, 'javier', 'MTIzNDU2', 'editor', 0),
(12345678, 'usuario prueba', 'ZWxlY2Npb25lczEyMw==', 'carga', 114),
(33208400, 'caca', 'ZWxlY2Npb25lczEyMw==', 'carga', 3),
(14524665, 'j', 'ZWxlY2Npb25lczEyMw==', 'carga', 348),
(32323223, 'prueba', 'NDU0NTQ1', 'carga', 115),
(49990183, 'benja', 'ZWxlY2Npb25lczEyMw==', 'carga', 348);

--
-- Índices para tablas volcadas
--

--
-- Indices de la tabla `actas_guardadas`
--
ALTER TABLE `actas_guardadas`
  ADD PRIMARY KEY (`id_acta`);

--
-- Indices de la tabla `cant_transac`
--
ALTER TABLE `cant_transac`
  ADD PRIMARY KEY (`id_cant_transac`);

--
-- Indices de la tabla `locales`
--
ALTER TABLE `locales`
  ADD PRIMARY KEY (`id_local`);

--
-- Indices de la tabla `locales_prooyu`
--
ALTER TABLE `locales_prooyu`
  ADD PRIMARY KEY (`id_local-proovyu`);

--
-- Indices de la tabla `marcas_prod`
--
ALTER TABLE `marcas_prod`
  ADD PRIMARY KEY (`id_marcas_prod`),
  ADD KEY `fk_id_li_dto` (`id_proov_y_uvent`),
  ADD KEY `fk_id_li_ag` (`id_material`);

--
-- Indices de la tabla `materiales`
--
ALTER TABLE `materiales`
  ADD PRIMARY KEY (`id_material`),
  ADD KEY `fk_id_ag_dto` (`id_proov_y_uvent`);

--
-- Indices de la tabla `proov_y_uventas`
--
ALTER TABLE `proov_y_uventas`
  ADD PRIMARY KEY (`id_proov_y_uvent`);

--
-- Indices de la tabla `transacciones`
--
ALTER TABLE `transacciones`
  ADD PRIMARY KEY (`id_transaccion`),
  ADD KEY `fk_id_mesa_dto` (`id_proov_y_uvent`),
  ADD KEY `fk_id_mesa_esc` (`id_local`);

--
-- AUTO_INCREMENT de las tablas volcadas
--

--
-- AUTO_INCREMENT de la tabla `actas_guardadas`
--
ALTER TABLE `actas_guardadas`
  MODIFY `id_acta` int(11) NOT NULL AUTO_INCREMENT, AUTO_INCREMENT=18;

--
-- AUTO_INCREMENT de la tabla `cant_transac`
--
ALTER TABLE `cant_transac`
  MODIFY `id_cant_transac` int(11) NOT NULL AUTO_INCREMENT, AUTO_INCREMENT=385;

--
-- AUTO_INCREMENT de la tabla `locales_prooyu`
--
ALTER TABLE `locales_prooyu`
  MODIFY `id_local-proovyu` int(11) NOT NULL AUTO_INCREMENT, AUTO_INCREMENT=17;

--
-- AUTO_INCREMENT de la tabla `marcas_prod`
--
ALTER TABLE `marcas_prod`
  MODIFY `id_marcas_prod` int(11) NOT NULL AUTO_INCREMENT, AUTO_INCREMENT=237;

--
-- AUTO_INCREMENT de la tabla `materiales`
--
ALTER TABLE `materiales`
  MODIFY `id_material` int(11) NOT NULL AUTO_INCREMENT, AUTO_INCREMENT=24;

--
-- AUTO_INCREMENT de la tabla `proov_y_uventas`
--
ALTER TABLE `proov_y_uventas`
  MODIFY `id_proov_y_uvent` int(11) NOT NULL AUTO_INCREMENT, AUTO_INCREMENT=21;
COMMIT;

/*!40101 SET CHARACTER_SET_CLIENT=@OLD_CHARACTER_SET_CLIENT */;
/*!40101 SET CHARACTER_SET_RESULTS=@OLD_CHARACTER_SET_RESULTS */;
/*!40101 SET COLLATION_CONNECTION=@OLD_COLLATION_CONNECTION */;
